../data/ic_airline_seat_recline_extra_48px.svg;output/out-0.png;480
../data/ic_system_update_48px.svg;output/out-1.png;480
../data/ic_disc_full_48px.svg;output/out-2.png;480
../data/ic_airline_seat_flat_48px.svg;output/out-3.png;480
../data/ic_phone_bluetooth_speaker_48px.svg;output/out-4.png;480
../data/ic_phone_in_talk_48px.svg;output/out-5.png;480
../data/ic_more_48px.svg;output/out-6.png;480
../data/ic_priority_high_48px.svg;output/out-7.png;480
../data/ic_network_locked_48px.svg;output/out-8.png;480
../data/ic_phone_paused_48px.svg;output/out-9.png;480
../data/ic_airline_seat_legroom_reduced_48px.svg;output/out-10.png;480
../data/ic_event_available_48px.svg;output/out-11.png;480
../data/ic_sim_card_alert_48px.svg;output/out-12.png;480
../data/ic_do_not_disturb_alt_48px.svg;output/out-13.png;480
../data/ic_adb_48px.svg;output/out-14.png;480
../data/ic_airline_seat_legroom_extra_48px.svg;output/out-15.png;480
../data/ic_enhanced_encryption_48px.svg;output/out-16.png;480
../data/ic_vibration_48px.svg;output/out-17.png;480
../data/ic_do_not_disturb_on_48px.svg;output/out-18.png;480
../data/ic_drive_eta_48px.svg;output/out-19.png;480
../data/ic_rv_hookup_48px.svg;output/out-20.png;480
../data/ic_power_48px.svg;output/out-21.png;480
../data/ic_personal_video_48px.svg;output/out-22.png;480
../data/ic_airline_seat_recline_normal_48px.svg;output/out-23.png;480
../data/ic_phone_forwarded_48px.svg;output/out-24.png;480
../data/ic_live_tv_48px.svg;output/out-25.png;480
../data/ic_no_encryption_48px.svg;output/out-26.png;480
../data/ic_wc_48px.svg;output/out-27.png;480
../data/ic_vpn_lock_48px.svg;output/out-28.png;480
../data/ic_airline_seat_individual_suite_48px.svg;output/out-29.png;480
../data/ic_folder_special_48px.svg;output/out-30.png;480
../data/ic_do_not_disturb_off_48px.svg;output/out-31.png;480
../data/ic_event_busy_48px.svg;output/out-32.png;480
../data/ic_event_note_48px.svg;output/out-33.png;480
../data/ic_sync_problem_48px.svg;output/out-34.png;480
../data/ic_time_to_leave_48px.svg;output/out-35.png;480
../data/ic_sms_48px.svg;output/out-36.png;480
../data/ic_phone_missed_48px.svg;output/out-37.png;480
../data/ic_phone_locked_48px.svg;output/out-38.png;480
../data/ic_mms_48px.svg;output/out-39.png;480
../data/ic_voice_chat_48px.svg;output/out-40.png;480
../data/ic_bluetooth_audio_48px.svg;output/out-41.png;480
../data/ic_sd_card_48px.svg;output/out-42.png;480
../data/ic_ondemand_video_48px.svg;output/out-43.png;480
../data/ic_airline_seat_flat_angled_48px.svg;output/out-44.png;480
../data/ic_sms_failed_48px.svg;output/out-45.png;480
../data/ic_airline_seat_legroom_normal_48px.svg;output/out-46.png;480
../data/ic_tap_and_play_48px.svg;output/out-47.png;480
../data/ic_wifi_48px.svg;output/out-48.png;480
../data/ic_sync_48px.svg;output/out-49.png;480
../data/ic_confirmation_number_48px.svg;output/out-50.png;480
../data/ic_sync_disabled_48px.svg;output/out-51.png;480
../data/ic_network_check_48px.svg;output/out-52.png;480
../data/ic_do_not_disturb_48px.svg;output/out-53.png;480
