../data/ic_do_not_disturb_on_48px.svg;output/out-0.png;480
../data/ic_sim_card_alert_48px.svg;output/out-1.png;480
../data/ic_airline_seat_flat_angled_48px.svg;output/out-2.png;480
../data/ic_personal_video_48px.svg;output/out-3.png;480
../data/ic_system_update_48px.svg;output/out-4.png;480
../data/ic_event_note_48px.svg;output/out-5.png;480
../data/ic_event_available_48px.svg;output/out-6.png;480
../data/ic_phone_locked_48px.svg;output/out-7.png;480
../data/ic_airline_seat_recline_normal_48px.svg;output/out-8.png;480
../data/ic_vibration_48px.svg;output/out-9.png;480
../data/ic_do_not_disturb_on_48px.svg;output/out-10.png;480
../data/ic_sim_card_alert_48px.svg;output/out-11.png;480
../data/ic_airline_seat_flat_angled_48px.svg;output/out-12.png;480
../data/ic_personal_video_48px.svg;output/out-13.png;480
../data/ic_system_update_48px.svg;output/out-14.png;480
../data/ic_event_note_48px.svg;output/out-15.png;480
../data/ic_event_available_48px.svg;output/out-16.png;480
../data/ic_phone_locked_48px.svg;output/out-17.png;480
../data/ic_airline_seat_recline_normal_48px.svg;output/out-18.png;480
../data/ic_vibration_48px.svg;output/out-19.png;480
../data/ic_do_not_disturb_on_48px.svg;output/out-20.png;480
../data/ic_sim_card_alert_48px.svg;output/out-21.png;480
../data/ic_airline_seat_flat_angled_48px.svg;output/out-22.png;480
../data/ic_personal_video_48px.svg;output/out-23.png;480
../data/ic_system_update_48px.svg;output/out-24.png;480
../data/ic_event_note_48px.svg;output/out-25.png;480
../data/ic_event_available_48px.svg;output/out-26.png;480
../data/ic_phone_locked_48px.svg;output/out-27.png;480
../data/ic_airline_seat_recline_normal_48px.svg;output/out-28.png;480
../data/ic_vibration_48px.svg;output/out-29.png;480
../data/ic_do_not_disturb_on_48px.svg;output/out-30.png;480
../data/ic_sim_card_alert_48px.svg;output/out-31.png;480
../data/ic_airline_seat_flat_angled_48px.svg;output/out-32.png;480
../data/ic_personal_video_48px.svg;output/out-33.png;480
../data/ic_system_update_48px.svg;output/out-34.png;480
../data/ic_event_note_48px.svg;output/out-35.png;480
../data/ic_event_available_48px.svg;output/out-36.png;480
../data/ic_phone_locked_48px.svg;output/out-37.png;480
../data/ic_airline_seat_recline_normal_48px.svg;output/out-38.png;480
../data/ic_vibration_48px.svg;output/out-39.png;480
../data/ic_do_not_disturb_on_48px.svg;output/out-40.png;480
../data/ic_sim_card_alert_48px.svg;output/out-41.png;480
../data/ic_airline_seat_flat_angled_48px.svg;output/out-42.png;480
../data/ic_personal_video_48px.svg;output/out-43.png;480
../data/ic_system_update_48px.svg;output/out-44.png;480
../data/ic_event_note_48px.svg;output/out-45.png;480
../data/ic_event_available_48px.svg;output/out-46.png;480
../data/ic_phone_locked_48px.svg;output/out-47.png;480
../data/ic_airline_seat_recline_normal_48px.svg;output/out-48.png;480
../data/ic_vibration_48px.svg;output/out-49.png;480
../data/ic_do_not_disturb_on_48px.svg;output/out-50.png;480
../data/ic_sim_card_alert_48px.svg;output/out-51.png;480
../data/ic_airline_seat_flat_angled_48px.svg;output/out-52.png;480
../data/ic_personal_video_48px.svg;output/out-53.png;480
